,UF,Pot inst (KW)
0,SP,3.3
1,AC,44205.28
2,AM,104713.3
3,AL,187540.94999999998
5,AP,26899.989999999998
6,BA,22298.47
